Country,ISO3,TA6 Data,TA6 Year,TA6 Source
Nepal,NPL,0.03,2016,Nepal DHS 2016
Afghanistan,AFG,0.02,2015,Afghanistan 2014-2015 DHS
Iraq,IRQ,0.0085,2015,Iraq STEPS 2015 Survey
St. Kitts and Nevis,KNA,0.0393,2015,Sri Lanka 2015 STEPS Survey
Kuwait,KWT,0.05248,2014,Kuwait STEPS 2014
Pakistan,PAK,0.0395,2013,"National Institute of Population Studies (NIPS) [Pakistan], and ICF International. Pakistan Demographic and Health Survey 2012-13. Islamabad, Pakistan, and Calverton, Maryland, USA, 2013. http://dhsprogram.com/pubs/pdf/FR290/FR290.pdf."
Qatar,QAT,0.034,2013,"WHO. “Global Adult Tobacco Survey Fact Sheet: Qatar 2013,” 2013. http://dhsprogram.com/pubs/pdf/FR221/FR221%5B13Aug2012%5D.pdf."
United Kingdom,GBR,0.01,2013,"Grant, Aimee, Rory Morrison, and Martin J. Dockrell. “Prevalence of Waterpipe (Shisha, Narghille, Hookah) Use Among Adults in Great Britain and Factors Associated With Waterpipe Use: Data From Cross-Sectional Online Surveys in 2012 and 2013.” Nicotine & Tobacco Research: Official Journal of the Society for Research on Nicotine and Tobacco 16, no. 7 (July 2014): 931–38. doi:10.1093/ntr/ntu015."
Israel,ISR,0.0978,2012,"Baron-Epel, Orna. “Re: Nargila Smoking in Israel- Question,” October 5, 2014."
Jordan,JOR,0.053,2012,"Department of Statistics [Jordan], and ICF International. Jordan Population and Family Health Survey 2012. Calverton, Maryland, USA, 2013. http://dhsprogram.com/pubs/pdf/FR282/FR282.pdf."
Tunisia,TUN,0.014,2011,"Khattab, Adel, Arshad Javaid, Ghali Iraqi, Ashraf Alzaabi, Ali Ben Kheder, Marie-Louise Koniski, Naem Shahrour, et al. “Smoking Habits in the Middle East and North Africa: Results of the BREATHE Study.” Respiratory Medicine 106 Suppl 2 (December 2012): S16–24. doi:10.1016/S0954-6111(12)70011-2."
Algeria,DZA,0.005,2011,"Khattab, Adel, Arshad Javaid, Ghali Iraqi, Ashraf Alzaabi, Ali Ben Kheder, Marie-Louise Koniski, Naem Shahrour, et al. “Smoking Habits in the Middle East and North Africa: Results of the BREATHE Study.” Respiratory Medicine 106 Suppl 2 (December 2012): S16–24. doi:10.1016/S0954-6111(12)70011-2."
Morocco,MAR,0.003,2011,"Khattab, Adel, Arshad Javaid, Ghali Iraqi, Ashraf Alzaabi, Ali Ben Kheder, Marie-Louise Koniski, Naem Shahrour, et al. “Smoking Habits in the Middle East and North Africa: Results of the BREATHE Study.” Respiratory Medicine 106 Suppl 2 (December 2012): S16–24. doi:10.1016/S0954-6111(12)70011-2."
Ethiopia,ETH,0.00155,2011,"Central Statistical Agency [Ethiopia], and ICF International. Ethiopia Demographic and Health Survey 2011. Addis Ababa, Ethiopia and Calverton, Maryland, USA, 2012. http://dhsprogram.com/pubs/pdf/FR255/FR255.pdf."
Viet Nam,VNM,0.064,2010,"Hanoi Medical University, Ministry of Health of Viet Nam, General Statistics Office, US CDC, and WHO. “Global Adult Tobacco Survey (GATS) Viet Nam 2010.” WHO, 2010. http://www.who.int/tobacco/surveillance/en_tfi_gats_vietnam_report.pdf."
Russian Federation,RUS,0.03815,2010,"Morton, J., Y. Song, H. Fouad, F. E. Awa, R. Abou El Naga, L. Zhao, K. Palipudi, S. Asma, and on behalf of the GATS Collaborative Group. “Cross-Country Comparison of Waterpipe Use: Nationally Representative Data from 13 Low and Middle-Income Countries from the Global Adult Tobacco Survey (GATS).” Tobacco Control, June 11, 2013. doi:10.1136/tobaccocontrol-2012-050841."
Turkey,TUR,0.02325,2010,"Morton, J., Y. Song, H. Fouad, F. E. Awa, R. Abou El Naga, L. Zhao, K. Palipudi, S. Asma, and on behalf of the GATS Collaborative Group. “Cross-Country Comparison of Waterpipe Use: Nationally Representative Data from 13 Low and Middle-Income Countries from the Global Adult Tobacco Survey (GATS).” Tobacco Control, June 11, 2013. doi:10.1136/tobaccocontrol-2012-050841."
Ukraine,UKR,0.02,2010,"Andreeva, Tatiana, Natalia Kharchenko, Konstantin Krasovsky, Nataliya Korol, Veronica Lea, Juliette Lee, Charles W Warren, and Victoria Zakhozha. Global Adult Tobacco Survey (GATS) Ukraine 2010. Country. GATS. WHO, 2010. http://www.who.int/tobacco/surveillance/en_tfi_gats_ukraine_report_2010.pdf."
India,IND,0.00885,2010,"Morton, J., Y. Song, H. Fouad, F. E. Awa, R. Abou El Naga, L. Zhao, K. Palipudi, S. Asma, and on behalf of the GATS Collaborative Group. “Cross-Country Comparison of Waterpipe Use: Nationally Representative Data from 13 Low and Middle-Income Countries from the Global Adult Tobacco Survey (GATS).” Tobacco Control, June 11, 2013. doi:10.1136/tobaccocontrol-2012-050841."
UAE,ARE,0.0076,2010,"Al-Houqani, Mohammed, Raghib Ali, and Cother Hajat. “Tobacco Smoking Using Midwakh Is an Emerging Health Problem – Evidence from a Large Cross-Sectional Survey in the United Arab Emirates.” Edited by Noel Christopher Barengo. PLoS ONE 7, no. 6 (June 15, 2012): e39189. doi:10.1371/journal.pone.0039189."
Bangladesh,BGD,0.0075,2010,"Morton, J., Y. Song, H. Fouad, F. E. Awa, R. Abou El Naga, L. Zhao, K. Palipudi, S. Asma, and on behalf of the GATS Collaborative Group. “Cross-Country Comparison of Waterpipe Use: Nationally Representative Data from 13 Low and Middle-Income Countries from the Global Adult Tobacco Survey (GATS).” Tobacco Control, June 11, 2013. doi:10.1136/tobaccocontrol-2012-050841."
China,CHN,0.00365,2010,"Morton, J., Y. Song, H. Fouad, F. E. Awa, R. Abou El Naga, L. Zhao, K. Palipudi, S. Asma, and on behalf of the GATS Collaborative Group. “Cross-Country Comparison of Waterpipe Use: Nationally Representative Data from 13 Low and Middle-Income Countries from the Global Adult Tobacco Survey (GATS).” Tobacco Control, June 11, 2013. doi:10.1136/tobaccocontrol-2012-050841."
Armenia,ARM,0.0035,2010,"National Statistical Service [Armenia], Ministry of Health [Armenia], and ICF International. Armenia Demographic and Health Survey 2010. Calverton, Maryland, 2012. http://dhsprogram.com/pubs/pdf/FR252/FR252.pdf."
Brazil,BRA,0.0014,2010,"Morton, J., Y. Song, H. Fouad, F. E. Awa, R. Abou El Naga, L. Zhao, K. Palipudi, S. Asma, and on behalf of the GATS Collaborative Group. “Cross-Country Comparison of Waterpipe Use: Nationally Representative Data from 13 Low and Middle-Income Countries from the Global Adult Tobacco Survey (GATS).” Tobacco Control, June 11, 2013. doi:10.1136/tobaccocontrol-2012-050841."
Uruguay,URY,0.00075,2010,"Morton, J., Y. Song, H. Fouad, F. E. Awa, R. Abou El Naga, L. Zhao, K. Palipudi, S. Asma, and on behalf of the GATS Collaborative Group. “Cross-Country Comparison of Waterpipe Use: Nationally Representative Data from 13 Low and Middle-Income Countries from the Global Adult Tobacco Survey (GATS).” Tobacco Control, June 11, 2013. doi:10.1136/tobaccocontrol-2012-050841."
Thailand,THA,0.0002,2010,"Morton, J., Y. Song, H. Fouad, F. E. Awa, R. Abou El Naga, L. Zhao, K. Palipudi, S. Asma, and on behalf of the GATS Collaborative Group. “Cross-Country Comparison of Waterpipe Use: Nationally Representative Data from 13 Low and Middle-Income Countries from the Global Adult Tobacco Survey (GATS).” Tobacco Control, June 11, 2013. doi:10.1136/tobaccocontrol-2012-050841."
Mexico,MEX,0.0001,2010,"Morton, J., Y. Song, H. Fouad, F. E. Awa, R. Abou El Naga, L. Zhao, K. Palipudi, S. Asma, and on behalf of the GATS Collaborative Group. “Cross-Country Comparison of Waterpipe Use: Nationally Representative Data from 13 Low and Middle-Income Countries from the Global Adult Tobacco Survey (GATS).” Tobacco Control, June 11, 2013. doi:10.1136/tobaccocontrol-2012-050841."
Philippines,PHL,5e-05,2010,"Morton, J., Y. Song, H. Fouad, F. E. Awa, R. Abou El Naga, L. Zhao, K. Palipudi, S. Asma, and on behalf of the GATS Collaborative Group. “Cross-Country Comparison of Waterpipe Use: Nationally Representative Data from 13 Low and Middle-Income Countries from the Global Adult Tobacco Survey (GATS).” Tobacco Control, June 11, 2013. doi:10.1136/tobaccocontrol-2012-050841."
Lebanon,LBN,0.224,2009,"Sibai, Abla, and Nahla Hwalla. WHO STEPS Chronic Disease Risk Factor Surveillance: Data Book For Lebanon. American University of Beirut, June 2010. http://www.who.int/chp/steps/2008_STEPS_Lebanon.pdf?ua=1."
Egypt,EGY,0.033,2009,"WHO. “Global Aldult Tobacco Survey (GATS) Fact Sheet: Egypt 2009,” 2009. http://www.who.int/tobacco/surveillance/gats_egypt_fact_sheet.pdf."
Maldives,MDV,0.0135,2009,"Ministry of Health and Family (MOHF) [Maldives], and ICF Macro. Maldives Demographic and Health  Survey 2009. Calverton, Maryland. Accessed June 27, 2014. http://dhsprogram.com/pubs/pdf/FR237/FR237.pdf."
Bahrain,BHR,0.084,2007,"Alsayyad, Jamal, Ahmed Omran, Fawzi A. Amin, and Randah Hamadeh. National Non-Communicable Diseases Risk Factors Survey 2007 Kingdom of Bahrain. Ministry of Health, 2010. http://www.moh.gov.bh/pdf/publications/X_2812013135226.pdf."
Isl. Rep. of Iran,IRN,0.027,2007,"Fereshteh Asgari, Ali Mirzazadeh, and Hamid Heidarian Miri. Islamic Republic of Iran Non-Communicable Diseases Risk Factors Surveillance 2007. WHO, 2007. http://www.who.int/chp/steps/2007STEPSreportIran.pdf?ua=1."
Saudi Arabia,SAU,0.0195,2005,"WHO. WHO STEPwise Approach to NCD Surveillance    Country‐Specific Standard Report: Saudi Arabia 2005, 2005. http://www.who.int/chp/steps/2005_SaudiArabia_STEPS_Report_EN.pdf?ua=1."
Syrian Arab Rep. ,SYR,0.125,2004,"Ward, K D, T Eissenberg, S Rastam, T Asfar, F Mzayek, M F Fouad, F Hammal, and J Mock. “The Tobacco Epidemic in Syria.” Tobacco Control 15, no. Suppl 1 (June 2006): i24–i29. doi:10.1136/tc.2005.014860."
Angola,AGO,,,
Albania,ALB,,,
Andorra,AND,,,
Argentina,ARG,,,
Antigua and Barbuda,ATG,,,
Australia,AUS,,,
Austria,AUT,,,
Azerbaijan,AZE,,,
Burundi,BDI,,,
Belgium,BEL,,,
Benin,BEN,,,
Burkina Faso,BFA,,,
Bulgaria,BGR,,,
Bahamas,BHS,,,
Bosnia and Herzegovina,BIH,,,
Belarus,BLR,,,
Belize,BLZ,,,
Bolivia ,BOL,,,
Barbados,BRB,,,
Brunei Dar.,BRN,,,
Bhutan,BTN,,,
Botswana,BWA,,,
Central African Rep.,CAF,,,
Canada,CAN,,,
Switz.,CHE,,,
Chile,CHL,,,
Côte d'Ivoire,CIV,,,
Cameroon,CMR,,,
Dem. Rep. of Congo,COD,,,
Congo,COG,,,
Cook Islands,COK,,,
Colombia,COL,,,
Comoros,COM,,,
Cape Verde,CPV,,,
Costa Rica,CRI,,,
Cuba,CUB,,,
Cyprus,CYP,,,
Czech Rep.,CZE,,,
Germany,DEU,,,
Djibouti,DJI,,,
Dominica,DMA,,,
Denmark,DNK,,,
Dominican Rep.,DOM,,,
Ecuador,ECU,,,
Eritrea,ERI,,,
Spain,ESP,,,
Estonia,EST,,,
Finland,FIN,,,
Fiji,FJI,,,
France,FRA,,,
Fed. States of Micronesia,FSM,,,
Gabon,GAB,,,
Georgia,GEO,,,
Ghana,GHA,,,
Guinea,GIN,,,
Gambia,GMB,,,
Guinea-Bissau,GNB,,,
Equatorial Guinea,GNQ,,,
Greece,GRC,,,
Grenada,GRD,,,
Guatemala,GTM,,,
Guyana,GUY,,,
Hong Kong,HKG,,,
Honduras,HND,,,
Croatia,HRV,,,
Haiti,HTI,,,
Hungary,HUN,,,
Indonesia,IDN,,,
Ireland,IRL,,,
Iceland,ISL,,,
Italy,ITA,,,
Jamaica,JAM,,,
Japan,JPN,,,
Kazakhstan,KAZ,,,
Kenya,KEN,,,
Kyrgyzstan,KGZ,,,
Cambodia,KHM,,,
Kiribati,KIR,,,
Rep. Korea,KOR,,,
LAO PDR,LAO,,,
Liberia,LBR,,,
Libyan Arab Jamahiriya,LBY,,,
St. Lucia,LCA,,,
Sri Lanka,LKA,,,
Lesotho,LSO,,,
Lithuania,LTU,,,
Lux. ,LUX,,,
Latvia,LVA,,,
Monaco,MCO,,,
Rep. Moldova,MDA,,,
Madagascar,MDG,,,
Marshall Islands,MHL,,,
FYR Macedonia,MKD,,,
Mali,MLI,,,
Malta,MLT,,,
Myanmar,MMR,,,
Montenegro,MNE,,,
Mongolia,MNG,,,
Mozambique,MOZ,,,
Mauritania,MRT,,,
Mauritius,MUS,,,
Malawi,MWI,,,
Malaysia,MYS,,,
Namibia,NAM,,,
Niger,NER,,,
Nigeria,NGA,,,
Nicaragua,NIC,,,
Niue,NIU,,,
Netherlands,NLD,,,
Norway,NOR,,,
Nauru,NRU,,,
New Zealand,NZL,,,
Oman,OMN,,,
Panama,PAN,,,
Peru,PER,,,
Palau,PLW,,,
Papua New Guinea,PNG,,,
Poland,POL,,,
DPR Korea,PRK,,,
Portugal,PRT,,,
Paraguay,PRY,,,
West Bank/Gaza Strip,PSE,,,
Romania,ROU,,,
Rwanda,RWA,,,
Sudan,SDN,,,
Senegal,SEN,,,
Singapore,SGP,,,
Solomon Islands,SLB,,,
Sierra Leone,SLE,,,
El Salvador,SLV,,,
San Marino,SMR,,,
Somalia,SOM,,,
Serbia ,SRB,,,
S. Sudan,SSD,,,
Sao Tome and Principe,STP,,,
Suriname,SUR,,,
Slovakia,SVK,,,
Slovenia,SVN,,,
Sweden,SWE,,,
Swaziland,SWZ,,,
Seychelles,SYC,,,
Chad,TCD,,,
Togo,TGO,,,
Tajikistan,TJK,,,
Turkmenistan,TKM,,,
Timor-Leste,TLS,,,
Tonga,TON,,,
Trinidad and Tobago,TTO,,,
Tuvalu,TUV,,,
United Republic of Tanzania,TZA,,,
Uganda,UGA,,,
United States of America,USA,,,
Uzbekistan,UZB,,,
St. Vincent and the Grenadines,VCT,,,
Venezuela ,VEN,,,
Vanuatu,VUT,,,
Samoa,WSM,,,
Yemen,YEM,,,
S. Africa,ZAF,,,
Zambia,ZMB,,,
Zimbabwe,ZWE,,,
